happiness_score,gdp_per_capita,freedom,corruption,generosity,year
7.587,1.39651,0.66557,0.41978,0.29678,2015
7.561,1.30232,0.62877,0.14145,0.4363,2015
7.527,1.32548,0.64938,0.48357,0.34139,2015
7.522,1.459,0.66973,0.36503,0.34699,2015
7.427,1.32629,0.63297,0.32957,0.45811,2015
7.406,1.29025,0.64169,0.41372,0.23351,2015
7.378,1.32944,0.61576,0.31814,0.4761,2015
7.364,1.33171,0.6598,0.43844,0.36262,2015
7.286,1.25018,0.63938,0.42922,0.47501,2015
7.284,1.33358,0.65124,0.35637,0.43562,2015
7.278,1.22857,0.41319,0.07785,0.33172,2015
7.226,0.95578,0.63376,0.10583,0.25497,2015
7.2,1.33723,0.62433,0.18676,0.33088,2015
7.187,1.02054,0.48181,0.21312,0.14074,2015
7.119,1.39451,0.54604,0.1589,0.40105,2015
6.983,0.98124,0.49049,0.17521,0.14574,2015
6.946,1.56391,0.61583,0.37798,0.28034,2015
6.94,1.33596,0.61777,0.28703,0.45901,2015
6.937,1.30782,0.5845,0.2254,0.2225,2015
6.901,1.42727,0.64157,0.38583,0.26428,2015
6.867,1.26637,0.59625,0.32067,0.51912,2015
6.853,1.36011,0.63274,0.32524,0.21542,2015
6.81,1.04424,0.42908,0.11069,0.05841,2015
6.798,1.52186,0.54252,0.4921,0.31105,2015
6.786,1.06353,0.5421,0.0927,0.24434,2015
6.75,1.32792,0.61477,0.21843,0.28214,2015
6.67,1.10715,0.44132,0.12869,0.33363,2015
6.611,1.69042,0.6404,0.52208,0.32573,2015
6.575,1.27778,0.55011,0.20646,0.12332,2015
6.574,1.05351,0.44974,0.08484,0.11451,2015
6.505,1.17898,0.46364,0.02652,0.10686,2015
6.485,1.06166,0.60362,0.24558,0.2324,2015
6.477,0.91861,0.53466,0.0512,0.18401,2015
6.455,0.9669,0.55664,0.03187,0.5763,2015
6.411,1.39541,0.31048,0.32524,0.13706,2015
6.329,1.23011,0.45951,0.06398,0.18227,2015
6.302,1.2074,0.60365,0.13586,0.51752,2015
6.298,1.29098,0.3974,0.08129,0.25376,2015
6.295,1.55422,0.55499,0.25609,0.16228,2015
6.269,0.99534,0.59657,0.13633,0.16991,2015
6.168,1.21183,0.55884,0.0114,0.31844,2015
6.13,0.76454,0.4035,0.11776,0.10692,2015
6.123,0.74553,0.57733,0.09472,0.27489,2015
6.003,0.63244,0.65821,0.30826,0.22837,2015
5.995,1.16891,0.31751,0.03431,0.16893,2015
5.987,1.27074,0.49615,0.1806,0.10705,2015
5.984,1.24461,0.33208,0.07857,0.18557,2015
5.975,0.86402,0.48574,0.1809,0.11541,2015
5.96,1.32376,0.45492,0.306,0.17362,2015
5.948,1.25114,0.26236,0.02901,0.22823,2015
5.89,0.68133,0.57414,0.088,0.20536,2015
5.889,0.59448,0.32818,0.01615,0.20951,2015
5.878,0.75985,0.53899,0.08242,0.3424,2015
5.855,1.12254,0.51649,0.08454,0.11827,2015
5.848,1.18498,0.60855,0.03787,0.25328,2015
5.833,1.14723,0.21342,0.01031,0.02641,2015
5.828,0.59325,0.55475,0.19317,0.27815,2015
5.824,0.90019,0.41496,0.05989,0.14982,2015
5.813,1.03192,0.37938,0.1909,0.11046,2015
5.791,1.12555,0.53122,0.04212,0.16759,2015
5.77,1.12486,0.53024,0.10501,0.33075,2015
5.759,1.08254,0.25883,0.0243,0.05444,2015
5.754,1.13145,0.41668,0.11023,0.18295,2015
5.716,1.13764,0.36679,0.03005,0.00199,2015
5.709,0.81038,0.50442,0.02299,0.2123,2015
5.695,1.20806,0.49027,0.1428,0.26169,2015
5.689,1.20813,0.40672,0.06146,0.30638,2015
5.605,0.93929,0.28579,0.17383,0.07822,2015
5.589,0.80148,0.24749,0.04741,0.2831,2015
5.548,0.95847,0.4761,0.30844,0.16979,2015
5.477,1.00761,0.56066,0.07521,0.37744,2015
5.474,1.38604,0.59608,0.37124,0.39478,2015
5.429,1.15174,0.44888,0.15184,0.0868,2015
5.399,0.82827,0.46611,0.0,0.51535,2015
5.36,0.63216,0.59444,0.10441,0.1686,2015
5.332,1.06098,0.22815,0.15746,0.12253,2015
5.286,0.47428,0.43477,0.04232,0.3003,2015
5.268,0.65435,0.34334,0.0403,0.27233,2015
5.253,0.77042,0.53206,0.15445,0.47998,2015
5.212,1.02389,0.3703,0.16065,0.07799,2015
5.194,0.59543,0.12102,0.10464,0.33671,2015
5.192,0.90198,0.40661,0.14293,0.11053,2015
5.192,0.97438,0.1826,0.14296,0.1614,2015
5.14,0.89012,0.51697,0.02781,0.08185,2015
5.129,0.47038,0.48827,0.12468,0.19591,2015
5.124,1.04345,0.35068,0.00649,0.13748,2015
5.123,0.92053,0.20107,0.02617,0.19231,2015
5.102,1.15991,0.51469,0.01078,0.13719,2015
5.098,1.11312,0.29671,0.06332,0.18226,2015
5.073,0.70532,0.62545,0.12279,0.24991,2015
5.057,0.18847,0.46582,0.39928,0.50318,2015
5.013,0.73479,0.41691,0.08546,0.07172,2015
5.007,0.91851,0.33457,0.05327,0.22359,2015
4.971,0.08308,0.34037,0.15603,0.22269,2015
4.959,0.87867,0.35733,0.06413,0.14272,2015
4.949,0.83223,0.09245,0.00227,0.24808,2015
4.898,0.37545,0.31767,0.12504,0.16388,2015
4.885,0.89537,0.57672,0.14234,0.21684,2015
4.876,0.59066,0.59591,0.24249,0.42192,2015
4.874,0.82819,0.43626,0.02666,0.3323,2015
4.867,0.71206,0.30658,0.0306,0.18259,2015
4.857,1.15406,0.07699,0.01397,0.0,2015
4.839,1.02564,0.33916,0.04582,0.21854,2015
4.8,1.12094,0.32112,0.02758,0.128,2015
4.788,0.59532,0.40148,0.06825,0.23027,2015
4.786,0.39047,0.47216,0.15072,0.22974,2015
4.739,0.88113,0.26268,0.06358,0.06431,2015
4.715,0.59867,0.24499,0.12905,0.11251,2015
4.694,0.39753,0.4082,0.12569,0.21222,2015
4.686,1.0088,0.30033,0.05863,0.38086,2015
4.681,0.79907,0.25123,0.02961,0.15275,2015
4.677,0.98549,0.0,0.13788,0.17922,2015
4.642,0.92049,0.33207,0.08884,0.11973,2015
4.633,0.54558,0.42342,0.04355,0.23087,2015
4.61,0.271,0.25861,0.08079,0.18987,2015
4.571,0.0712,0.28531,0.06232,0.24362,2015
4.565,0.64499,0.39786,0.08492,0.26475,2015
4.55,0.52107,0.10081,0.1466,0.19062,2015
4.518,0.26673,0.24425,0.17175,0.46187,2015
4.517,0.0,0.22605,0.07625,0.24834,2015
4.514,0.35997,0.38282,0.05907,0.32296,2015
4.512,0.19073,0.4345,0.15048,0.24325,2015
4.507,0.33024,0.4084,0.08786,0.21488,2015
4.436,0.45407,0.24232,0.17461,0.219,2015
4.419,0.36471,0.42215,0.05839,0.37542,2015
4.369,0.44025,0.46074,0.28105,0.18093,2015
4.35,0.76821,0.19847,0.039,0.07855,2015
4.332,0.99355,0.49495,0.12474,0.10461,2015
4.307,0.27108,0.44017,0.19034,0.79588,2015
4.297,0.7419,0.40577,0.38331,0.05547,2015
4.292,0.01604,0.43054,0.06977,0.33128,2015
4.271,0.83524,0.53726,0.09179,0.40828,2015
4.252,0.4225,0.49309,0.05786,0.20618,2015
4.218,1.01216,0.30587,0.00872,0.11921,2015
4.194,0.8818,0.17288,0.06324,0.11291,2015
4.077,0.54649,0.35571,0.07854,0.09131,2015
4.033,0.75778,0.10384,0.07122,0.12344,2015
3.995,0.26074,0.38857,0.12352,0.18798,2015
3.989,0.67866,0.41466,0.11686,0.12388,2015
3.956,0.23906,0.22917,0.199,0.17441,2015
3.931,0.21102,0.45727,0.07267,0.29066,2015
3.904,0.36498,0.36772,0.10713,0.20843,2015
3.896,1.06024,0.31914,0.11091,0.06822,2015
3.845,0.0694,0.47692,0.15639,0.19387,2015
3.819,0.46038,0.66246,0.07247,0.40359,2015
3.781,0.2852,0.32878,0.05747,0.34377,2015
3.681,0.20824,0.19184,0.08124,0.21333,2015
3.678,0.0785,0.48879,0.08289,0.23835,2015
3.667,0.34193,0.23501,0.05269,0.18386,2015
3.656,0.17417,0.37725,0.12139,0.28657,2015
3.655,0.46534,0.46866,0.17922,0.20165,2015
3.587,0.25812,0.39493,0.12832,0.21747,2015
3.575,0.31982,0.23414,0.09719,0.3651,2015
3.465,0.22208,0.59201,0.55191,0.22628,2015
3.34,0.28665,0.4845,0.0801,0.1826,2015
3.006,0.6632,0.15684,0.18906,0.47179,2015
2.905,0.0153,0.1185,0.10062,0.19727,2015
2.839,0.20868,0.36453,0.10731,0.16681,2015
7.526,1.44178,0.57941,0.44453,0.36171,2016
7.509,1.52733,0.58557,0.41203,0.28083,2016
7.501,1.42666,0.56624,0.14975,0.47678,2016
7.498,1.57744,0.59609,0.35776,0.37895,2016
7.413,1.40598,0.57104,0.41004,0.25492,2016
7.404,1.44015,0.5737,0.31329,0.44834,2016
7.339,1.46468,0.55211,0.29927,0.47416,2016
7.334,1.36066,0.58147,0.41904,0.49401,2016
7.313,1.44443,0.56837,0.32331,0.47407,2016
7.291,1.45181,0.58218,0.40867,0.38254,2016
7.267,1.33766,0.36432,0.08728,0.32288,2016
7.119,1.45038,0.54355,0.21348,0.32865,2016
7.104,1.50796,0.48163,0.14868,0.41077,2016
7.087,1.06879,0.55225,0.10547,0.22553,2016
7.039,1.35943,0.46823,0.12275,0.22202,2016
6.994,1.44787,0.53466,0.28551,0.30452,2016
6.952,1.08754,0.40425,0.14166,0.15776,2016
6.929,1.42539,0.51354,0.26248,0.2424,2016
6.907,1.48341,0.54008,0.29754,0.44963,2016
6.871,1.69752,0.5487,0.35329,0.27571,2016
6.778,1.11508,0.37709,0.18355,0.11735,2016
6.739,1.64555,0.4877,0.46987,0.32706,2016
6.725,1.40283,0.50036,0.27399,0.50156,2016
6.705,1.2167,0.37789,0.11451,0.31595,2016
6.701,1.18306,0.48927,0.08423,0.2418,2016
6.65,1.15137,0.42284,0.07296,0.10989,2016
6.596,1.30915,0.41418,0.03986,0.09929,2016
6.573,1.57352,0.56215,0.35561,0.26591,2016
6.545,1.18157,0.54388,0.21394,0.18056,2016
6.488,1.30782,0.54994,0.17554,0.56237,2016
6.481,1.03032,0.44735,0.05399,0.15626,2016
6.478,1.39488,0.46562,0.17808,0.1216,2016
6.474,1.0893,0.49553,0.02833,0.58696,2016
6.379,1.48953,0.37904,0.30008,0.15457,2016
6.379,1.39729,0.32377,0.0663,0.25495,2016
6.375,1.82427,0.56679,0.48049,0.32388,2016
6.361,1.34253,0.37545,0.06137,0.17665,2016
6.355,1.05266,0.21006,0.16157,0.07044,2016
6.324,0.83454,0.50379,0.08701,0.28808,2016
6.269,1.09686,0.52234,0.12692,0.16665,2016
6.239,1.61714,0.43166,0.23669,0.15965,2016
6.218,1.44024,0.47375,0.25772,0.17147,2016
6.168,1.32572,0.48453,0.01241,0.31935,2016
6.084,1.13367,0.19847,0.08304,0.0425,2016
6.078,1.27973,0.23391,0.02947,0.13837,2016
6.068,0.8737,0.37269,0.10613,0.08877,2016
6.005,1.25142,0.39031,0.09081,0.41474,2016
5.992,0.69384,0.46582,0.16292,0.29773,2016
5.987,0.73591,0.60848,0.28333,0.34326,2016
5.977,1.35495,0.18827,0.02556,0.16684,2016
5.976,0.97306,0.4027,0.18037,0.10074,2016
5.956,0.87616,0.51231,0.10771,0.23684,2016
5.921,1.38007,0.46761,0.18985,0.10224,2016
5.919,1.22943,0.4052,0.11132,0.15011,2016
5.897,0.69177,0.25202,0.01903,0.19997,2016
5.856,1.23228,0.32682,0.03586,0.02736,2016
5.835,1.24585,0.4519,0.055,0.14443,2016
5.835,1.35948,0.25168,0.07716,0.18824,2016
5.822,0.79422,0.50961,0.07746,0.21698,2016
5.813,1.2692,0.18929,0.0182,0.02025,2016
5.802,1.13062,0.29091,0.17457,0.13942,2016
5.771,1.31141,0.43596,0.16578,0.26322,2016
5.768,1.29947,0.53164,0.03635,0.25738,2016
5.743,0.99602,0.37502,0.05292,0.14527,2016
5.658,1.08017,0.37408,0.28467,0.22567,2016
5.648,1.14372,0.46145,0.05203,0.36951,2016
5.615,1.06688,0.40672,0.10339,0.17087,2016
5.56,1.21788,0.27996,0.0889,0.17445,2016
5.546,1.31857,0.29507,0.05228,0.27906,2016
5.538,0.89373,0.46235,0.07396,0.25296,2016
5.528,1.1697,0.36712,0.00679,0.12889,2016
5.517,1.27964,0.41511,0.18519,0.08423,2016
5.51,0.89333,0.43597,0.04294,0.22245,2016
5.488,1.18649,0.23907,0.04002,0.18434,2016
5.458,1.5107,0.48079,0.31647,0.40097,2016
5.44,0.0,0.56778,0.3118,0.27225,2016
5.401,0.90145,0.14396,0.06547,0.27992,2016
5.389,1.16492,0.23889,0.12348,0.04707,2016
5.314,0.95104,0.39237,0.00322,0.56521,2016
5.303,0.99673,0.36023,0.13297,0.14262,2016
5.291,1.12373,0.35327,0.17914,0.0564,2016
5.279,0.81217,0.54854,0.11757,0.21674,2016
5.245,1.0278,0.44012,0.02745,0.04959,2016
5.196,0.8527,0.46074,0.1616,0.48546,2016
5.185,0.56044,0.40212,0.04762,0.38432,2016
5.177,1.03437,0.15718,0.04339,0.20737,2016
5.163,0.93383,0.09511,0.0,0.29889,2016
5.161,1.07838,0.15111,0.12721,0.17191,2016
5.155,1.02787,0.52259,0.12372,0.21286,2016
5.151,0.84058,0.25646,0.08404,0.04053,2016
5.145,1.24142,0.1977,0.04472,0.099,2016
5.132,0.68816,0.14622,0.1388,0.31185,2016
5.129,1.12268,0.26228,0.03061,0.23693,2016
5.123,1.27607,0.44727,0.01521,0.11691,2016
5.121,1.0193,0.27668,0.07047,0.23507,2016
5.061,0.74037,0.55954,0.11556,0.25075,2016
5.057,0.25558,0.3913,0.36794,0.51479,2016
5.045,0.97724,0.23553,0.0817,0.03936,2016
5.033,1.24886,0.05822,0.04127,0.0,2016
4.996,0.48835,0.43408,0.13509,0.25998,2016
4.907,0.98853,0.35972,0.03285,0.34539,2016
4.876,0.68042,0.52168,0.22423,0.43079,2016
4.875,0.75216,0.27854,0.0305,0.23219,2016
4.871,0.69429,0.26755,0.06906,0.2044,2016
4.813,1.11758,0.22544,0.0557,0.38538,2016
4.795,0.61202,0.42662,0.11479,0.17866,2016
4.793,0.44626,0.37012,0.07008,0.3816,2016
4.754,0.67024,0.17744,0.10613,0.11154,2016
4.655,0.9553,0.31866,0.05301,0.1684,2016
4.643,0.54177,0.39778,0.12583,0.19132,2016
4.635,0.36485,0.30685,0.08196,0.23897,2016
4.575,1.07474,0.24856,0.13636,0.19589,2016
4.574,0.93287,0.48614,0.10398,0.07795,2016
4.513,0.52497,0.42736,0.06126,0.2268,2016
4.508,0.29283,0.36703,0.1717,0.29522,2016
4.459,1.02416,0.42483,0.08415,0.13656,2016
4.415,0.97318,0.50817,0.07964,0.46978,2016
4.404,0.74036,0.40285,0.08722,0.25028,2016
4.395,0.34112,0.42692,0.20243,0.81971,2016
4.362,0.95395,0.18847,0.10393,0.12706,2016
4.36,0.86086,0.14037,0.03616,0.07793,2016
4.356,0.52267,0.40576,0.06686,0.41328,2016
4.324,0.87287,0.12859,0.01829,0.20363,2016
4.276,0.63107,0.40973,0.0326,0.21203,2016
4.272,0.05661,0.15602,0.06075,0.25458,2016
4.252,0.83792,0.32461,0.3188,0.06786,2016
4.236,0.77109,0.37938,0.09753,0.12077,2016
4.219,0.44314,0.31056,0.11681,0.19103,2016
4.217,1.11306,0.21219,0.00615,0.12793,2016
4.201,0.61391,0.1268,0.17955,0.22686,2016
4.193,0.35041,0.25429,0.08582,0.18503,2016
4.156,0.08709,0.4143,0.07564,0.30968,2016
4.139,0.63069,0.0,0.10039,0.18077,2016
4.121,1.15851,0.28098,0.09314,0.06244,2016
4.073,0.31292,0.27544,0.13647,0.21064,2016
4.028,0.34097,0.12072,0.14476,0.47958,2016
3.974,1.09426,0.44089,0.10769,0.12425,2016
3.956,0.27509,0.15412,0.18437,0.1827,2016
3.916,0.55507,0.40663,0.1553,0.20338,2016
3.907,0.55604,0.58852,0.08092,0.40339,2016
3.866,0.84731,0.00589,0.08434,0.12071,2016
3.856,0.1327,0.38041,0.17176,0.2097,2016
3.832,0.39394,0.19662,0.13015,0.25899,2016
3.763,0.42214,0.12807,0.04952,0.18667,2016
3.739,0.31995,0.3337,0.12533,0.24353,2016
3.739,0.34719,0.43653,0.06442,0.27102,2016
3.724,0.57939,0.2287,0.05892,0.09821,2016
3.695,0.27954,0.13684,0.07506,0.2204,2016
3.666,0.47155,0.3176,0.05099,0.31472,2016
3.622,0.10706,0.25748,0.04852,0.24063,2016
3.607,0.22415,0.30953,0.1192,0.29914,2016
3.515,0.32846,0.5432,0.50521,0.23552,2016
3.484,0.39499,0.39747,0.06681,0.2018,2016
3.36,0.38227,0.1643,0.07112,0.31268,2016
3.303,0.28123,0.34678,0.11587,0.17517,2016
3.069,0.74719,0.06912,0.17233,0.48397,2016
2.905,0.06831,0.0432,0.09419,0.2029,2016
7.53700017929077,1.61646318435669,0.635422587394714,0.315963834524155,0.36201223731041,2017
7.52199983596802,1.48238301277161,0.626006722450256,0.40077006816864,0.355280488729477,2017
7.50400018692017,1.480633020401,0.627162635326385,0.153526559472084,0.475540220737457,2017
7.49399995803833,1.56497955322266,0.620070576667786,0.367007285356522,0.290549278259277,2017
7.4689998626709,1.44357192516327,0.617950856685638,0.38261154294014,0.24548277258873,2017
7.3769998550415,1.50394463539124,0.585384488105774,0.282661825418472,0.470489829778671,2017
7.31599998474121,1.47920441627502,0.611100912094116,0.287371516227722,0.435539722442627,2017
7.31400012969971,1.40570604801178,0.614062130451202,0.382816702127457,0.500005125999451,2017
7.28399991989136,1.49438726902008,0.612924098968506,0.384398728609085,0.385399252176285,2017
7.28399991989136,1.484414935112,0.601607382297516,0.301183730363846,0.477699249982834,2017
7.21299982070923,1.37538242340088,0.405988603830338,0.0852421000599861,0.330082654953003,2017
7.0789999961853,1.10970628261566,0.580131649971008,0.100106589496136,0.214613229036331,2017
7.00600004196167,1.48709726333618,0.567766189575195,0.221060365438461,0.316472321748734,2017
6.99300003051758,1.54625928401947,0.505740523338318,0.135638788342476,0.392578780651093,2017
6.97700023651123,1.53570663928986,0.573110342025757,0.29838815331459,0.42785832285881,2017
6.95100021362305,1.48792338371277,0.562511384487152,0.276731938123703,0.336269170045853,2017
6.89099979400635,1.46378076076508,0.539770722389221,0.251343131065369,0.231503337621689,2017
6.86299991607666,1.74194359779358,0.59662789106369,0.31883442401886,0.283180981874466,2017
6.71400022506714,1.44163393974304,0.508190035820007,0.265428066253662,0.492774158716202,2017
6.65199995040894,1.25278460979462,0.376895278692245,0.0822879821062088,0.326662421226501,2017
6.64799976348877,1.62634336948395,0.60834527015686,0.324489563703537,0.3609419465065,2017
6.63500022888184,1.10735321044922,0.437453746795654,0.111092761158943,0.16234989464283,2017
6.60900020599365,1.35268235206604,0.490946173667908,0.0368729270994663,0.0881067588925362,2017
6.59899997711182,1.18529546260834,0.494519203901291,0.059739887714386,0.109457060694695,2017
6.57800006866455,1.15318381786346,0.412730008363724,0.132774114608765,0.120990432798862,2017
6.57200002670288,1.69227766990662,0.549840569496155,0.46430778503418,0.345965981483459,2017
6.52699995040894,1.34327983856201,0.588767051696777,0.153066068887711,0.574730575084686,2017
6.4539999961853,1.21755969524384,0.57939225435257,0.178061872720718,0.175096929073334,2017
6.4539999961853,0.872001945972443,0.531310617923737,0.0772232785820961,0.283488392829895,2017
6.4520001411438,1.23374843597412,0.550026834011078,0.070983923971653,0.21055693924427,2017
6.44199991226196,1.43092346191406,0.470222115516663,0.172502428293228,0.129762306809425,2017
6.42399978637695,1.12786877155304,0.580200731754303,0.0316127352416515,0.572123110294342,2017
6.42199993133545,1.43362653255463,0.361466586589813,0.0638292357325554,0.258360475301743,2017
6.40299987792969,1.38439786434174,0.408781230449677,0.0709140971302986,0.190133571624756,2017
6.375,1.87076568603516,0.604130983352661,0.439299255609512,0.330473870038986,2017
6.35699987411499,1.07062232494354,0.477487415075302,0.0466687418520451,0.149014472961426,2017
6.3439998626709,1.53062355518341,0.449750572443008,0.27343225479126,0.147616013884544,2017
6.16800022125244,1.36135590076447,0.518630743026733,0.0089648161083459,0.325296461582184,2017
6.10500001907349,1.63295245170593,0.496337592601776,0.215159550309181,0.228289797902107,2017
6.09800004959106,1.32539355754852,0.295817464590073,0.0242108516395092,0.136544480919838,2017
6.08699989318848,1.48841226100922,0.536746919155121,0.257042169570923,0.172668486833572,2017
6.08400011062622,1.29121541976929,0.402264982461929,0.0656007081270218,0.416608929634094,2017
6.07100009918213,0.737299203872681,0.447551846504211,0.130687981843948,0.301674216985703,2017
6.00799989700317,1.00082039833069,0.4551981985569,0.140134647488594,0.150112465023994,2017
6.00299978256226,0.909784495830536,0.432452529668808,0.0899809598922729,0.0782579854130745,2017
5.97300004959106,1.29178786277771,0.520342111587524,0.0593078061938286,0.158465966582298,2017
5.97100019454956,0.786441087722778,0.658248662948608,0.246528223156929,0.415983647108078,2017
5.96400022506714,1.39506661891937,0.256450712680817,0.0280280914157629,0.17278964817524,2017
5.96299982070923,1.28177809715271,0.373783111572266,0.0329628810286522,0.0522638224065304,2017
5.95599985122681,0.907975316047668,0.547509372234344,0.0965810716152191,0.240015640854836,2017
5.92000007629395,1.41691517829895,0.505625545978546,0.163760736584663,0.12057276815176,2017
5.90199995040894,1.31458234786987,0.234231784939766,0.0118656428530812,0.010164656676352,2017
5.87200021743774,1.09186446666718,0.233335807919502,0.146096110343933,0.0694366469979286,2017
5.84999990463257,1.26074862480164,0.325707912445068,0.0738427266478539,0.153074786067009,2017
5.83799982070923,1.40167844295502,0.257921665906906,0.0632826685905457,0.206674367189407,2017
5.83799982070923,0.728870630264282,0.240729048848152,0.0100912861526012,0.208779126405716,2017
5.82499980926514,1.21768391132355,0.457003742456436,0.00438790069893,0.133519917726517,2017
5.82299995422363,0.833756566047668,0.558732926845551,0.0604777261614799,0.22556072473526,2017
5.82200002670288,1.13077676296234,0.41827192902565,0.259270340204239,0.24992498755455,2017
5.81899976730347,1.28455626964569,0.437454283237457,0.119282886385918,0.201964423060417,2017
5.80999994277954,1.3469113111496,0.471203625202179,0.155353352427483,0.266845703125,2017
5.75799989700317,1.3412059545517,0.572575807571411,0.0451289787888527,0.242649093270302,2017
5.71500015258789,1.03522527217865,0.450002878904343,0.0470490865409374,0.126819714903831,2017
5.62900018692017,1.18939554691315,0.491247326135635,0.0421815551817417,0.360933750867844,2017
5.62099981307983,1.35593807697296,0.355111539363861,0.0412379764020443,0.271254301071167,2017
5.61100006103516,1.32087934017181,0.479131430387497,0.183248922228813,0.0988908112049103,2017
5.56899976730347,1.15655755996704,0.295400261878967,0.156313821673393,0.15513750910759,2017
5.52500009536743,1.10180306434631,0.465733230113983,0.0926102101802826,0.152073666453362,2017
5.5,1.19827437400818,0.300740599632263,0.0996715798974037,0.0466930419206619,2017
5.49300003051758,0.932537317276001,0.473507791757584,0.091065913438797,0.224150657653809,2017
5.47200012207031,1.55167484283447,0.490968644618988,0.293933749198914,0.374465793371201,2017
5.42999982833862,0.85769921541214,0.585214674472809,0.0993318930268288,0.193513423204422,2017
5.39499998092651,1.06931757926941,0.208715528249741,0.0409037806093693,0.220125883817673,2017
5.33599996566772,0.991012394428253,0.418421149253845,0.11980327218771,0.172170460224152,2017
5.32399988174438,1.2860119342804,0.175863519310951,0.0366369374096394,0.0784016624093056,2017
5.31099987030029,0.925579309463501,0.474307239055634,0.0552677810192108,0.233818337321281,2017
5.29300022125244,1.22255623340607,0.255772292613983,0.0431031100451946,0.248002976179123,2017
5.27899980545044,0.951484382152557,0.260287940502167,0.0574716180562973,0.319931447505951,2017
5.27299976348877,1.08116579055786,0.472787708044052,0.0227942746132612,0.0288068410009146,2017
5.26900005340576,0.72688353061676,0.23521526157856,0.124348066747189,0.315446019172668,2017
5.26200008392334,0.995538592338562,0.443323463201523,0.0153171354904771,0.611704587936401,2017
5.25,1.12843120098114,0.153997123241425,0.0644911229610443,0.0650196298956871,2017
5.23699998855591,1.12112903594971,0.194989055395126,0.0881741940975189,0.197911024093628,2017
5.2350001335144,0.878114581108093,0.408158332109451,0.0877631828188896,0.0322099551558495,2017
5.23400020599365,1.15360176563263,0.398155838251114,0.180987507104874,0.0452693402767181,2017
5.23000001907349,1.07937383651733,0.55258983373642,0.113945253193378,0.186967849731445,2017
5.22700023651123,1.28948748111725,0.0957312509417534,0.04328977689147,0.0,2017
5.22499990463257,1.07498753070831,0.288515985012054,0.037513829767704,0.264450758695602,2017
5.19500017166138,1.3151752948761,0.498465299606323,0.0158694516867399,0.0951027125120163,2017
5.18200016021729,0.982409417629242,0.204403176903725,0.0,0.328867495059967,2017
5.18100023269653,0.730573117733002,0.348079860210419,0.0733454525470734,0.236188873648643,2017
5.17500019073486,1.06457793712616,0.325905978679657,0.0602777935564518,0.25376096367836,2017
5.15100002288818,0.0226431842893362,0.602126955986023,0.282410323619843,0.291631311178207,2017
5.07399988174438,0.788547575473785,0.571055591106415,0.0876332372426987,0.234968051314354,2017
5.07399988174438,0.783756256103516,0.394952565431595,0.0261215660721064,0.230947196483612,2017
5.04099988937378,0.524713635444641,0.471566706895828,0.146377146244049,0.248997643589973,2017
5.01100015640259,0.885416388511658,0.501537680625916,0.173380389809608,0.474054545164108,2017
5.00400018692017,0.596220076084137,0.454943388700485,0.0394391790032387,0.42858037352562,2017
4.96199989318848,0.479820191860199,0.440305948257446,0.0729755461215973,0.394096165895462,2017
4.95499992370605,1.02723586559296,0.394143968820572,0.0329022891819477,0.338464230298996,2017
4.8289999961853,1.05469870567322,0.479246735572815,0.0725094974040985,0.139362379908562,2017
4.80499982833862,1.00726580619812,0.289680689573288,0.0867231488227844,0.0496933571994305,2017
4.77500009536743,0.716249227523804,0.25471106171608,0.0892826020717621,0.114173173904419,2017
4.7350001335144,0.989701807498932,0.282110154628754,0.114381365478039,0.128631442785263,2017
4.71400022506714,1.1614590883255,0.289231717586517,0.0110515309497714,0.113177694380283,2017
4.70900011062622,0.36842092871666,0.318697690963745,0.0710951760411263,0.293040901422501,2017
4.69500017166138,0.564305365085602,0.430388748645782,0.0513066314160824,0.236298456788063,2017
4.69199991226196,1.15687310695648,0.249322608113289,0.048761073499918,0.387242913246155,2017
4.64400005340576,0.996192753314972,0.381498634815216,0.0398642159998417,0.201312944293022,2017
4.60799980163574,0.586682975292206,0.478356659412384,0.123717859387398,0.172255352139473,2017
4.57399988174438,0.964434325695038,0.520303547382355,0.0931469723582268,0.0771337449550629,2017
4.55299997329712,0.560479462146759,0.452763766050339,0.0646413192152977,0.444860309362411,2017
4.55000019073486,0.234305649995804,0.480791091918945,0.179436385631561,0.322228103876114,2017
4.54500007629395,0.367110550403595,0.514492034912109,0.188816204667091,0.838075160980225,2017
4.53499984741211,0.479309022426605,0.377922266721725,0.115460447967052,0.183468893170357,2017
4.51399993896484,0.636406779289246,0.461603492498398,0.0782135501503944,0.249580144882202,2017
4.49700021743774,1.10271048545837,0.288555532693863,0.107215754687786,0.19963726401329,2017
4.46500015258789,1.1982102394104,0.312328577041626,0.0760467872023582,0.0437853783369064,2017
4.46000003814697,0.339233845472336,0.408842742443085,0.165455713868141,0.312650740146637,2017
4.44000005722046,1.00985014438629,0.561213254928589,0.0736539661884308,0.490863561630249,2017
4.37599992752075,0.900596737861633,0.198303267359734,0.0266744215041399,0.0834880918264389,2017
4.31500005722046,0.792221248149872,0.469987004995346,0.0922268852591515,0.231538489460945,2017
4.29199981689453,0.648457288742065,0.0960980430245399,0.136957004666328,0.201870024204254,2017
4.29099988937378,0.808964252471924,0.435025870800018,0.0796181336045265,0.120852127671242,2017
4.28599977493286,0.950612664222717,0.309410035610199,0.251666635274887,0.0540088154375553,2017
4.28000020980835,0.0921023488044739,0.235961347818375,0.0602413564920425,0.246455833315849,2017
4.19000005722046,0.476180493831635,0.306613743305206,0.104970246553421,0.183354198932648,2017
4.17999982833862,0.603048920631409,0.447706192731857,0.130061775445938,0.201237469911575,2017
4.16800022125244,0.601765096187592,0.633375823497772,0.0681059509515762,0.385922968387604,2017
4.13899993896484,0.65951669216156,0.0149958552792668,0.089847519993782,0.182317450642586,2017
4.11999988555908,0.667224824428558,0.423026293516159,0.0253363698720932,0.256923943758011,2017
4.09600019454956,0.89465194940567,0.122974775731564,0.0230294708162546,0.270061463117599,2017
4.08099985122681,0.381430715322495,0.443185955286026,0.057069718837738,0.325766056776047,2017
4.03200006484985,0.3502277135849,0.324367851018906,0.120328105986118,0.250864684581757,2017
4.02799987792969,0.161925330758095,0.36365869641304,0.138572946190834,0.228673845529556,2017
3.97000002861023,0.233442038297653,0.466914653778076,0.0727116540074348,0.287170469760895,2017
3.93600010871887,0.438012987375259,0.16234202682972,0.0535818822681904,0.216113850474358,2017
3.875,0.375846534967422,0.336384207010269,0.0953753814101219,0.189143493771553,2017
3.80800008773804,0.521021246910095,0.390661299228668,0.119094640016556,0.157497271895409,2017
3.79500007629395,0.858428180217743,0.0,0.0697203353047371,0.097926490008831,2017
3.79399991035461,0.401477217674255,0.106179520487785,0.0611578300595284,0.311870932579041,2017
3.76600003242493,1.12209415435791,0.505196332931519,0.0985831990838051,0.0993484482169151,2017
3.65700006484985,0.431085407733917,0.425962775945663,0.0609290152788162,0.207948461174965,2017
3.64400005340576,0.305808693170547,0.189196765422821,0.0672319754958153,0.208732530474663,2017
3.6029999256134,0.368610262870789,0.0303698573261499,0.0998721495270729,0.489203780889511,2017
3.59299993515015,0.591683447360992,0.249463722109795,0.0567674227058887,0.104125209152699,2017
3.59100008010864,0.39724862575531,0.147062435746193,0.116793513298035,0.285670816898346,2017
3.53299999237061,0.119041793048382,0.332881182432175,0.0389482490718365,0.26654988527298,2017
3.50699996948242,0.244549930095673,0.348587512969971,0.110937617719173,0.264815092086792,2017
3.49499988555908,0.305444717407227,0.38042613863945,0.0956650152802467,0.196896150708199,2017
3.47099995613098,0.368745893239975,0.581843852996826,0.455220013856888,0.252756029367447,2017
3.46199989318848,0.777153134346008,0.0815394446253777,0.151347130537033,0.493663728237152,2017
3.34899997711182,0.511135876178741,0.390017777681351,0.0660351067781448,0.354256361722946,2017
2.90499997138977,0.091622568666935,0.0599007532000542,0.0841479450464249,0.204435184597969,2017
2.69300007820129,0.0,0.270842045545578,0.0565650761127472,0.280876487493515,2017
7.632,1.305,0.681,0.393,0.202,2018
7.594,1.456,0.686,0.34,0.286,2018
7.555,1.351,0.683,0.408,0.284,2018
7.495,1.343,0.677,0.138,0.353,2018
7.487,1.42,0.66,0.357,0.256,2018
7.441,1.361,0.638,0.295,0.333,2018
7.328,1.33,0.653,0.291,0.321,2018
7.324,1.268,0.669,0.389,0.365,2018
7.314,1.355,0.659,0.383,0.285,2018
7.272,1.34,0.647,0.302,0.361,2018
7.19,1.244,0.464,0.082,0.262,2018
7.139,1.341,0.617,0.224,0.242,2018
7.072,1.01,0.632,0.101,0.143,2018
6.977,1.448,0.614,0.306,0.307,2018
6.965,1.34,0.586,0.28,0.273,2018
6.927,1.324,0.583,0.24,0.188,2018
6.91,1.576,0.632,0.321,0.196,2018
6.886,1.398,0.547,0.133,0.291,2018
6.814,1.301,0.533,0.272,0.354,2018
6.774,2.096,0.284,0.091,0.186,2018
6.711,1.233,0.543,0.034,0.064,2018
6.627,1.27,0.645,0.142,0.376,2018
6.489,1.293,0.52,0.176,0.098,2018
6.488,1.038,0.479,0.095,0.069,2018
6.476,1.131,0.431,0.061,0.197,2018
6.441,1.365,0.418,0.078,0.151,2018
6.43,1.112,0.597,0.063,0.125,2018
6.419,0.986,0.493,0.088,0.11,2018
6.388,1.073,0.57,0.054,0.062,2018
6.382,0.781,0.604,0.071,0.179,2018
6.379,1.093,0.625,0.155,0.13,2018
6.374,1.649,0.654,0.171,0.256,2018
6.371,1.379,0.509,0.127,0.098,2018
6.343,1.529,0.631,0.457,0.261,2018
6.322,1.161,0.356,0.059,0.311,2018
6.31,1.251,0.449,0.074,0.142,2018
6.26,0.96,0.531,0.039,0.099,2018
6.192,1.223,0.575,0.019,0.171,2018
6.173,1.21,0.354,0.014,0.118,2018
6.167,0.806,0.461,0.082,0.065,2018
6.141,0.668,0.527,0.128,0.208,2018
6.123,1.176,0.546,0.064,0.108,2018
6.105,1.338,0.594,0.123,0.243,2018
6.096,0.719,0.724,0.259,0.328,2018
6.083,1.474,0.554,0.106,0.167,2018
6.072,1.016,0.637,0.029,0.364,2018
6.0,1.264,0.281,0.028,0.137,2018
5.973,0.889,0.556,0.12,0.114,2018
5.956,0.807,0.593,0.089,0.183,2018
5.952,1.197,0.35,0.006,0.026,2018
5.948,1.219,0.633,0.051,0.16,2018
5.945,1.116,0.528,0.001,0.088,2018
5.933,1.148,0.363,0.066,0.092,2018
5.915,1.294,0.553,0.15,0.079,2018
5.891,1.09,0.584,0.05,0.245,2018
5.89,0.819,0.575,0.031,0.096,2018
5.875,1.266,0.244,0.051,0.175,2018
5.835,1.229,0.495,0.154,0.179,2018
5.81,1.151,0.399,0.025,0.065,2018
5.79,1.143,0.454,0.121,0.148,2018
5.762,1.229,0.423,0.035,0.202,2018
5.752,0.751,0.606,0.054,0.141,2018
5.739,1.2,0.553,0.174,0.086,2018
5.681,0.835,0.541,0.074,0.162,2018
5.663,0.934,0.53,0.034,0.092,2018
5.662,0.855,0.448,0.023,0.274,2018
5.64,0.657,0.232,0.0,0.171,2018
5.636,1.016,0.417,0.037,0.199,2018
5.62,1.171,0.259,0.022,0.061,2018
5.566,0.985,0.496,0.148,0.116,2018
5.524,0.775,0.643,0.105,0.12,2018
5.504,0.62,0.459,0.074,0.197,2018
5.483,1.039,0.307,0.154,0.101,2018
5.483,1.148,0.324,0.109,0.106,2018
5.472,0.652,0.334,0.113,0.216,2018
5.43,1.405,0.524,0.291,0.246,2018
5.41,1.188,0.562,0.017,0.055,2018
5.398,0.975,0.288,0.043,0.134,2018
5.358,1.154,0.131,0.044,0.0,2018
5.358,0.965,0.503,0.136,0.214,2018
5.347,1.017,0.259,0.081,0.111,2018
5.321,1.115,0.38,0.039,0.12,2018
5.302,0.982,0.578,0.106,0.12,2018
5.295,0.979,0.077,0.135,0.055,2018
5.254,0.779,0.46,0.074,0.026,2018
5.246,0.989,0.597,0.103,0.029,2018
5.201,1.024,0.43,0.176,0.031,2018
5.199,0.474,0.292,0.034,0.187,2018
5.185,0.959,0.394,0.052,0.173,2018
5.161,0.822,0.468,0.134,0.13,2018
5.155,0.689,0.462,0.032,0.201,2018
5.131,0.53,0.54,0.035,0.281,2018
5.129,0.915,0.28,0.0,0.216,2018
5.125,0.914,0.395,0.032,0.253,2018
5.103,0.715,0.618,0.079,0.177,2018
5.093,0.899,0.538,0.018,0.484,2018
5.082,0.796,0.541,0.171,0.364,2018
4.982,0.0,0.674,0.282,0.238,2018
4.975,0.535,0.454,0.043,0.183,2018
4.933,1.054,0.359,0.009,0.064,2018
4.88,0.425,0.526,0.078,0.302,2018
4.806,0.996,0.133,0.052,0.056,2018
4.758,1.036,0.356,0.052,0.032,2018
4.743,0.642,0.266,0.076,0.086,2018
4.724,0.94,0.516,0.056,0.103,2018
4.707,1.059,0.459,0.129,0.282,2018
4.671,0.541,0.467,0.103,0.146,2018
4.657,0.592,0.499,0.029,0.212,2018
4.631,0.429,0.406,0.082,0.138,2018
4.623,0.72,0.626,0.174,0.23,2018
4.592,0.9,0.271,0.063,0.04,2018
4.586,0.916,0.419,0.032,0.149,2018
4.571,0.256,0.355,0.053,0.238,2018
4.559,0.682,0.514,0.077,0.091,2018
4.5,0.532,0.58,0.144,0.153,2018
4.471,0.918,0.585,0.05,0.307,2018
4.456,1.01,0.304,0.095,0.148,2018
4.447,0.37,0.367,0.056,0.139,2018
4.441,0.874,0.519,0.064,0.051,2018
4.433,0.549,0.696,0.065,0.256,2018
4.424,0.314,0.312,0.128,0.175,2018
4.419,0.885,0.312,0.107,0.092,2018
4.417,0.198,0.531,0.158,0.206,2018
4.41,0.493,0.504,0.055,0.352,2018
4.377,0.562,0.503,0.082,0.221,2018
4.356,0.557,0.129,0.093,0.134,2018
4.35,0.308,0.452,0.146,0.22,2018
4.34,0.853,0.375,0.215,0.038,2018
4.321,0.816,0.26,0.028,0.077,2018
4.308,0.682,0.58,0.178,0.598,2018
4.301,0.358,0.189,0.06,0.181,2018
4.245,0.069,0.312,0.052,0.197,2018
4.19,0.721,0.539,0.093,0.172,2018
4.166,0.131,0.39,0.099,0.175,2018
4.161,0.322,0.45,0.061,0.259,2018
4.141,0.378,0.44,0.067,0.163,2018
4.139,0.605,0.016,0.082,0.134,2018
4.103,0.793,0.163,0.011,0.187,2018
3.999,0.259,0.434,0.101,0.158,2018
3.964,0.344,0.394,0.094,0.185,2018
3.808,0.472,0.423,0.112,0.116,2018
3.795,0.73,0.0,0.061,0.079,2018
3.774,0.262,0.221,0.049,0.155,2018
3.692,0.357,0.406,0.099,0.132,2018
3.632,0.332,0.085,0.036,0.191,2018
3.59,1.017,0.557,0.092,0.042,2018
3.587,0.186,0.531,0.08,0.21,2018
3.582,0.315,0.025,0.104,0.392,2018
3.495,0.076,0.419,0.03,0.206,2018
3.462,0.689,0.088,0.144,0.376,2018
3.408,0.332,0.636,0.444,0.2,2018
3.355,0.442,0.244,0.064,0.083,2018
3.303,0.455,0.481,0.097,0.27,2018
3.254,0.337,0.112,0.106,0.224,2018
3.083,0.024,0.305,0.038,0.218,2018
2.905,0.091,0.065,0.076,0.149,2018
7.769,1.34,0.596,0.393,0.153,2019
7.6,1.383,0.592,0.41,0.252,2019
7.554,1.488,0.603,0.341,0.271,2019
7.494,1.38,0.591,0.118,0.354,2019
7.488,1.396,0.557,0.298,0.322,2019
7.48,1.452,0.572,0.343,0.263,2019
7.343,1.387,0.574,0.373,0.267,2019
7.307,1.303,0.585,0.38,0.33,2019
7.278,1.365,0.584,0.308,0.285,2019
7.246,1.376,0.532,0.226,0.244,2019
7.228,1.372,0.557,0.29,0.332,2019
7.167,1.034,0.558,0.093,0.144,2019
7.139,1.276,0.371,0.082,0.261,2019
7.09,1.609,0.526,0.316,0.194,2019
7.054,1.333,0.45,0.278,0.348,2019
7.021,1.499,0.516,0.31,0.298,2019
6.985,1.373,0.495,0.265,0.261,2019
6.923,1.356,0.473,0.21,0.16,2019
6.892,1.433,0.454,0.128,0.28,2019
6.852,1.269,0.457,0.036,0.046,2019
6.825,1.503,0.598,0.182,0.262,2019
6.726,1.3,0.564,0.151,0.375,2019
6.595,1.07,0.433,0.073,0.074,2019
6.592,1.324,0.436,0.183,0.111,2019
6.446,1.368,0.351,0.097,0.242,2019
6.444,1.159,0.357,0.056,0.187,2019
6.436,0.8,0.535,0.078,0.175,2019
6.375,1.403,0.439,0.132,0.08,2019
6.374,1.684,0.555,0.167,0.22,2019
6.354,1.286,0.362,0.079,0.153,2019
6.321,1.149,0.516,0.054,0.109,2019
6.3,1.004,0.39,0.086,0.099,2019
6.293,1.124,0.523,0.15,0.127,2019
6.262,1.572,0.556,0.453,0.271,2019
6.253,0.794,0.43,0.074,0.093,2019
6.223,1.294,0.231,0.03,0.158,2019
6.199,1.362,0.536,0.11,0.255,2019
6.198,1.246,0.334,0.014,0.121,2019
6.192,1.231,0.489,0.016,0.185,2019
6.182,1.206,0.483,0.05,0.117,2019
6.174,0.745,0.631,0.24,0.322,2019
6.149,1.238,0.291,0.042,0.043,2019
6.125,0.985,0.47,0.034,0.099,2019
6.118,1.258,0.564,0.057,0.144,2019
6.105,0.694,0.435,0.127,0.2,2019
6.1,0.882,0.489,0.006,0.262,2019
6.086,1.092,0.471,0.05,0.066,2019
6.07,1.162,0.462,0.005,0.083,2019
6.046,1.263,0.406,0.041,0.19,2019
6.028,0.912,0.498,0.087,0.126,2019
6.021,1.5,0.493,0.097,0.142,2019
6.008,1.05,0.557,0.028,0.359,2019
5.94,1.187,0.264,0.064,0.075,2019
5.895,1.301,0.159,0.056,0.175,2019
5.893,1.237,0.495,0.161,0.103,2019
5.89,0.831,0.49,0.028,0.107,2019
5.888,1.12,0.498,0.06,0.215,2019
5.886,1.327,0.445,0.14,0.069,2019
5.86,0.642,0.507,0.078,0.246,2019
5.809,1.173,0.41,0.096,0.146,2019
5.779,0.776,0.511,0.064,0.137,2019
5.758,1.201,0.199,0.02,0.081,2019
5.743,0.855,0.514,0.08,0.184,2019
5.718,1.263,0.417,0.162,0.191,2019
5.697,0.96,0.455,0.027,0.083,2019
5.693,1.221,0.508,0.025,0.047,2019
5.653,0.677,0.313,0.098,0.22,2019
5.648,1.183,0.334,0.031,0.082,2019
5.631,0.807,0.558,0.107,0.117,2019
5.603,1.004,0.282,0.039,0.137,2019
5.529,0.685,0.245,0.0,0.181,2019
5.525,1.044,0.416,0.152,0.133,2019
5.523,1.051,0.197,0.08,0.142,2019
5.467,0.493,0.389,0.144,0.23,2019
5.432,1.155,0.296,0.022,0.119,2019
5.43,1.438,0.44,0.287,0.258,2019
5.425,1.015,0.497,0.101,0.113,2019
5.386,0.945,0.212,0.006,0.263,2019
5.373,1.183,0.195,0.106,0.083,2019
5.339,1.221,0.508,0.024,0.26,2019
5.323,1.067,0.235,0.142,0.094,2019
5.287,1.181,0.067,0.034,0.0,2019
5.285,0.948,0.317,0.038,0.235,2019
5.274,0.983,0.345,0.034,0.185,2019
5.265,0.696,0.426,0.041,0.215,2019
5.261,0.551,0.508,0.023,0.3,2019
5.247,1.052,0.394,0.028,0.244,2019
5.211,1.002,0.086,0.114,0.073,2019
5.208,0.801,0.418,0.076,0.036,2019
5.208,1.043,0.351,0.182,0.035,2019
5.197,0.987,0.216,0.027,0.166,2019
5.192,0.931,0.491,0.028,0.498,2019
5.191,1.029,0.521,0.1,0.058,2019
5.175,0.741,0.543,0.073,0.147,2019
5.082,0.813,0.457,0.167,0.37,2019
5.044,0.549,0.381,0.037,0.187,2019
5.011,1.092,0.311,0.004,0.081,2019
4.996,0.611,0.381,0.04,0.245,2019
4.944,0.569,0.352,0.09,0.154,2019
4.913,0.446,0.439,0.089,0.285,2019
4.906,0.837,0.383,0.13,0.11,2019
4.883,0.393,0.349,0.082,0.175,2019
4.812,0.673,0.372,0.093,0.105,2019
4.799,1.057,0.295,0.055,0.043,2019
4.796,0.764,0.547,0.164,0.266,2019
4.722,0.96,0.389,0.055,0.13,2019
4.719,0.947,0.383,0.027,0.178,2019
4.707,0.96,0.154,0.047,0.064,2019
4.7,0.574,0.609,0.062,0.232,2019
4.696,0.657,0.225,0.066,0.103,2019
4.681,0.45,0.292,0.072,0.153,2019
4.668,0.0,0.559,0.27,0.243,2019
4.639,0.879,0.401,0.056,0.07,2019
4.628,0.138,0.318,0.102,0.188,2019
4.587,0.331,0.255,0.113,0.177,2019
4.559,0.85,0.283,0.064,0.095,2019
4.548,1.1,0.305,0.125,0.27,2019
4.534,0.38,0.332,0.086,0.207,2019
4.519,0.886,0.346,0.164,0.043,2019
4.516,0.308,0.382,0.167,0.269,2019
4.509,0.512,0.431,0.053,0.372,2019
4.49,0.57,0.066,0.088,0.106,2019
4.466,0.204,0.494,0.138,0.197,2019
4.461,0.921,0.167,0.055,0.059,2019
4.456,0.562,0.527,0.143,0.166,2019
4.437,1.043,0.241,0.089,0.148,2019
4.418,0.094,0.269,0.053,0.212,2019
4.39,0.385,0.327,0.052,0.153,2019
4.374,0.268,0.309,0.045,0.252,2019
4.366,0.949,0.47,0.047,0.244,2019
4.36,0.71,0.525,0.172,0.566,2019
4.35,0.35,0.174,0.078,0.198,2019
4.332,0.82,0.178,0.01,0.187,2019
4.286,0.336,0.344,0.1,0.209,2019
4.212,0.811,0.313,0.135,0.074,2019
4.189,0.332,0.356,0.06,0.252,2019
4.166,0.913,0.241,0.067,0.076,2019
4.107,0.578,0.431,0.087,0.247,2019
4.085,0.275,0.293,0.085,0.177,2019
4.015,0.755,0.498,0.085,0.2,2019
3.975,0.073,0.37,0.033,0.233,2019
3.973,0.274,0.142,0.078,0.275,2019
3.933,0.274,0.148,0.041,0.169,2019
3.802,0.489,0.359,0.093,0.107,2019
3.775,0.046,0.22,0.18,0.176,2019
3.663,0.366,0.361,0.089,0.151,2019
3.597,0.323,0.026,0.11,0.419,2019
3.488,1.041,0.455,0.1,0.025,2019
3.462,0.619,0.013,0.141,0.331,2019
3.41,0.191,0.443,0.089,0.218,2019
3.38,0.287,0.143,0.077,0.108,2019
3.334,0.359,0.555,0.411,0.217,2019
3.231,0.476,0.417,0.147,0.276,2019
3.203,0.35,0.0,0.025,0.158,2019
3.083,0.026,0.225,0.035,0.235,2019
2.853,0.306,0.01,0.091,0.202,2019
